Label,Isi Post,Akun,Tanggal,Unnamed: 4,Unnamed: 5,tokenization,stop_removal,post_stemmed
Negatif,"ga mau anjinggg ga mauuuu gueeeee programnya bodoh bodoh!!! makan siang gratis? itu program pemerasan dan penindasan massal, korupsi. batalkan, ganti atau kaji ulang. menteri juga aur auran, ngapain banyak banget najis",@kodokodar,11/22/2024,,n,"['ga', 'mau', 'anjinggg', 'ga', 'mauuuu', 'gueeeee', 'programnya', 'bodoh', 'bodoh', 'makan', 'siang', 'gratis', 'itu', 'program', 'pemerasan', 'dan', 'penindasan', 'massal', 'korupsi', 'batalkan', 'ganti', 'atau', 'kaji', 'ulang', 'menteri', 'juga', 'aur', 'auran', 'ngapain', 'banyak', 'banget', 'najis']","['ga', 'anjinggg', 'ga', 'mauuuu', 'gueeeee', 'programnya', 'bodoh', 'bodoh', 'makan', 'siang', 'gratis', 'program', 'pemerasan', 'penindasan', 'massal', 'korupsi', 'batalkan', 'ganti', 'kaji', 'ulang', 'menteri', 'aur', 'auran', 'ngapain', 'banget', 'najis']","['ga', 'anjinggg', 'ga', 'mauuuu', 'gueeeee', 'program', 'bodoh', 'bodoh', 'makan', 'siang', 'gratis', 'program', 'peras', 'tindas', 'massal', 'korupsi', 'batal', 'ganti', 'kaji', 'ulang', 'menteri', 'aur', 'aur', 'ngapain', 'banget', 'najis']"
Negatif,"jadi kepikiran kalau program makan siang gratis tuh sebenernya belum sempet didiskusikan sama prabowo dan timsesnya pada saat itu, alias ini program hasil asbun prabowo di podium debat karena beliaunya emosian",@aromapetrikorr,1/7/2025,,,"['jadi', 'kepikiran', 'kalau', 'program', 'makan', 'siang', 'gratis', 'tuh', 'sebenernya', 'belum', 'sempet', 'didiskusikan', 'sama', 'prabowo', 'dan', 'timsesnya', 'pada', 'saat', 'itu', 'alias', 'ini', 'program', 'hasil', 'asbun', 'prabowo', 'di', 'podium', 'debat', 'karena', 'beliaunya', 'emosian']","['kepikiran', 'program', 'makan', 'siang', 'gratis', 'tuh', 'sebenernya', 'sempet', 'didiskusikan', 'prabowo', 'timsesnya', 'alias', 'program', 'hasil', 'asbun', 'prabowo', 'podium', 'debat', 'beliaunya', 'emosian']","['pikir', 'program', 'makan', 'siang', 'gratis', 'tuh', 'sebenernya', 'sempet', 'diskusi', 'prabowo', 'timsesnya', 'alias', 'program', 'hasil', 'asbun', 'prabowo', 'podium', 'debat', 'beliau', 'emosi']"
Negatif,"sejujurnya, yang gw bingungkan adalah dari semua janji yang diberikan, kenapa harus janji yang tidak realistis yang harus ditepati? gw rasa gak akan ada yang nyadar kalau program makan siang gratis dibatalkan. kalaupun ada ya... salah sendiri",@PetrolWeeb,1/7/2025,,,"['sejujurnya', 'yang', 'gw', 'bingungkan', 'adalah', 'dari', 'semua', 'janji', 'yang', 'diberikan', 'kenapa', 'harus', 'janji', 'yang', 'tidak', 'realistis', 'yang', 'harus', 'ditepati', 'gw', 'rasa', 'gak', 'akan', 'ada', 'yang', 'nyadar', 'kalau', 'program', 'makan', 'siang', 'gratis', 'dibatalkan', 'kalaupun', 'ada', 'ya', 'salah', 'sendiri']","['sejujurnya', 'gw', 'bingungkan', 'janji', 'janji', 'realistis', 'ditepati', 'gw', 'gak', 'nyadar', 'program', 'makan', 'siang', 'gratis', 'dibatalkan', 'ya', 'salah']","['jujur', 'gw', 'bingung', 'janji', 'janji', 'realistis', 'tepat', 'gw', 'gak', 'nyadar', 'program', 'makan', 'siang', 'gratis', 'batal', 'ya', 'salah']"
Positif,"lu ngomong apa sih, kayak yang paling tau prabowo aja. sejak 2019 prabowo sudah punya program makan gratis. lu kalau dongok tuh jangan ajak ajak netizen. jadi ini bukan program baru. sejak 2019 sudah ditawarkan",@karim_speak,1/7/2025,,,"['lu', 'ngomong', 'apa', 'sih', 'kayak', 'yang', 'paling', 'tau', 'prabowo', 'aja', 'sejak', '2019', 'prabowo', 'sudah', 'punya', 'program', 'makan', 'gratis', 'lu', 'kalau', 'dongok', 'tuh', 'jangan', 'ajak', 'ajak', 'netizen', 'jadi', 'ini', 'bukan', 'program', 'baru', 'sejak', '2019', 'sudah', 'ditawarkan']","['lu', 'ngomong', 'sih', 'kayak', 'tau', 'prabowo', 'aja', '2019', 'prabowo', 'program', 'makan', 'gratis', 'lu', 'dongok', 'tuh', 'ajak', 'ajak', 'netizen', 'program', '2019', 'ditawarkan']","['lu', 'ngomong', 'sih', 'kayak', 'tau', 'prabowo', 'aja', '2019', 'prabowo', 'program', 'makan', 'gratis', 'lu', 'dongok', 'tuh', 'ajak', 'ajak', 'netizen', 'program', '2019', 'tawar']"
Negatif,"ke mana mana bagi bagi susu, ketika program makan siang gratis dijalankan kok malah ngak ada susunya? susunya ilang ke mana?",@AbanggSayur,6/1/25,,,"['ke', 'mana', 'mana', 'bagi', 'bagi', 'susu', 'ketika', 'program', 'makan', 'siang', 'gratis', 'dijalankan', 'kok', 'malah', 'ngak', 'ada', 'susunya', 'susunya', 'ilang', 'ke', 'mana']","['susu', 'program', 'makan', 'siang', 'gratis', 'dijalankan', 'ngak', 'susunya', 'susunya', 'ilang']","['susu', 'program', 'makan', 'siang', 'gratis', 'jalan', 'ngak', 'susu', 'susu', 'ilang']"
Negatif,"at some point (kayanya debat ketiga) tiba2 dia bilang program makan gratis juga untuk ibu hamil, pas anies atau ganjar bilang mencegah stunting itu harusnya sebelum bayinya lahir, padahal sebelumnya bilang cuman utk anak sekolah. tapi pas programnya jalan cuman utk anak sekolahan",@ElioAglio,7/1/25,,,"['at', 'some', 'point', 'kayanya', 'debat', 'ketiga', 'tiba2', 'dia', 'bilang', 'program', 'makan', 'gratis', 'juga', 'untuk', 'ibu', 'hamil', 'pas', 'anies', 'atau', 'ganjar', 'bilang', 'mencegah', 'stunting', 'itu', 'harusnya', 'sebelum', 'bayinya', 'lahir', 'padahal', 'sebelumnya', 'bilang', 'cuman', 'utk', 'anak', 'sekolah', 'tapi', 'pas', 'programnya', 'jalan', 'cuman', 'utk', 'anak', 'sekolahan']","['at', 'some', 'point', 'kayanya', 'debat', 'ketiga', 'tiba2', 'bilang', 'program', 'makan', 'gratis', 'hamil', 'pas', 'anies', 'ganjar', 'bilang', 'mencegah', 'stunting', 'bayinya', 'lahir', 'bilang', 'cuman', 'utk', 'anak', 'sekolah', 'pas', 'programnya', 'jalan', 'cuman', 'utk', 'anak', 'sekolahan']","['at', 'some', 'point', 'kaya', 'debat', 'tiga', 'tiba2', 'bilang', 'program', 'makan', 'gratis', 'hamil', 'pas', 'anies', 'ganjar', 'bilang', 'cegah', 'stunting', 'bayi', 'lahir', 'bilang', 'cuman', 'utk', 'anak', 'sekolah', 'pas', 'program', 'jalan', 'cuman', 'utk', 'anak', 'sekolah']"
Positif,"atas nama rakyat indonesia, kemarin tanggal 6 januari 2025. program makan bergizi gratis secara resmi dimulai. hari ini sejarah mencatat, bahwa pemerintah hadir sejak dini dalam investasi membangun bangsa menuju indonesia emas 2045, dengan sumber daya manusia yang unggul, bedaya saing dan tangguh.",@Fahrihamzah,7/1/25,,,"['atas', 'nama', 'rakyat', 'indonesia', 'kemarin', 'tanggal', '6', 'januari', '2025', 'program', 'makan', 'bergizi', 'gratis', 'secara', 'resmi', 'dimulai', 'hari', 'ini', 'sejarah', 'mencatat', 'bahwa', 'pemerintah', 'hadir', 'sejak', 'dini', 'dalam', 'investasi', 'membangun', 'bangsa', 'menuju', 'indonesia', 'emas', '2045', 'dengan', 'sumber', 'daya', 'manusia', 'yang', 'unggul', 'bedaya', 'saing', 'dan', 'tangguh']","['nama', 'rakyat', 'indonesia', 'kemarin', 'tanggal', '6', 'januari', '2025', 'program', 'makan', 'bergizi', 'gratis', 'resmi', 'sejarah', 'mencatat', 'pemerintah', 'hadir', 'investasi', 'membangun', 'bangsa', 'indonesia', 'emas', '2045', 'sumber', 'daya', 'manusia', 'unggul', 'bedaya', 'saing', 'tangguh']","['nama', 'rakyat', 'indonesia', 'kemarin', 'tanggal', '6', 'januari', '2025', 'program', 'makan', 'gizi', 'gratis', 'resmi', 'sejarah', 'catat', 'perintah', 'hadir', 'investasi', 'bangun', 'bangsa', 'indonesia', 'emas', '2045', 'sumber', 'daya', 'manusia', 'unggul', 'bedaya', 'saing', 'tangguh']"
Negatif,"makan gratis yang jatahnya rp 10.000 itu ente sebut bergizi? coba anak ente dikasih makan gratis ini...trus perhatikan perkembangannya, makin pinter atau makin bodoh.",@baharirwan2,7/1/25,,,"['makan', 'gratis', 'yang', 'jatahnya', 'rp', '10', '000', 'itu', 'ente', 'sebut', 'bergizi', 'coba', 'anak', 'ente', 'dikasih', 'makan', 'gratis', 'ini', 'trus', 'perhatikan', 'perkembangannya', 'makin', 'pinter', 'atau', 'makin', 'bodoh']","['makan', 'gratis', 'jatahnya', 'rp', '10', '000', 'ente', 'bergizi', 'coba', 'anak', 'ente', 'dikasih', 'makan', 'gratis', 'trus', 'perhatikan', 'perkembangannya', 'pinter', 'bodoh']","['makan', 'gratis', 'jatah', 'rp', '10', '000', 'ente', 'gizi', 'coba', 'anak', 'ente', 'kasih', 'makan', 'gratis', 'trus', 'perhati', 'kembang', 'pinter', 'bodoh']"
Negatif,"patuhi amanat konstitusi ini jauh lebih utama ketimbang makan siang (dibayar pake pajak rakyat)... anggaran pendidikan rakyat indonesia masih kurang ratusan triliun per tahunnya, jangan dipake untuk program ini itu dulu, alokasikan untuk hal yang jauh lebih penting ini... paham??",@prabu170814,7/1/25,,,"['patuhi', 'amanat', 'konstitusi', 'ini', 'jauh', 'lebih', 'utama', 'ketimbang', 'makan', 'siang', 'dibayar', 'pake', 'pajak', 'rakyat', 'anggaran', 'pendidikan', 'rakyat', 'indonesia', 'masih', 'kurang', 'ratusan', 'triliun', 'per', 'tahunnya', 'jangan', 'dipake', 'untuk', 'program', 'ini', 'itu', 'dulu', 'alokasikan', 'untuk', 'hal', 'yang', 'jauh', 'lebih', 'penting', 'ini', 'paham']","['patuhi', 'amanat', 'konstitusi', 'utama', 'ketimbang', 'makan', 'siang', 'dibayar', 'pake', 'pajak', 'rakyat', 'anggaran', 'pendidikan', 'rakyat', 'indonesia', 'ratusan', 'triliun', 'tahunnya', 'dipake', 'program', 'alokasikan', 'paham']","['patuh', 'amanat', 'konstitusi', 'utama', 'ketimbang', 'makan', 'siang', 'bayar', 'pake', 'pajak', 'rakyat', 'anggar', 'didik', 'rakyat', 'indonesia', 'ratus', 'triliun', 'tahun', 'dipake', 'program', 'alokasi', 'paham']"
Negatif,"tinggal sejarah buat lu, bukan buat anak2 indonesia, anak2 indonesia cuma di kasih makan makanan tak mutu, sialan banget dah, anak lu aja makan lebih dr 10 ribu",@LaiElfrid,7/1/25,,,"['tinggal', 'sejarah', 'buat', 'lu', 'bukan', 'buat', 'anak2', 'indonesia', 'anak2', 'indonesia', 'cuma', 'di', 'kasih', 'makan', 'makanan', 'tak', 'mutu', 'sialan', 'banget', 'dah', 'anak', 'lu', 'aja', 'makan', 'lebih', 'dr', '10', 'ribu']","['tinggal', 'sejarah', 'lu', 'anak2', 'indonesia', 'anak2', 'indonesia', 'kasih', 'makan', 'makanan', 'mutu', 'sialan', 'banget', 'dah', 'anak', 'lu', 'aja', 'makan', 'dr', '10', 'ribu']","['tinggal', 'sejarah', 'lu', 'anak2', 'indonesia', 'anak2', 'indonesia', 'kasih', 'makan', 'makan', 'mutu', 'sial', 'banget', 'dah', 'anak', 'lu', 'aja', 'makan', 'dr', '10', 'ribu']"
Negatif,"kaya gini yah makanan nya. coba kasih makan buat para mentri di kabinet aja dulu, kasih contoh kalau mentri kabinet ikut makan juga menu makan gratis fahri, kalau rnak bikin kenyang baru kasih ke rakyat",@abimobilindo,7/1/25,,,"['kaya', 'gini', 'yah', 'makanan', 'nya', 'coba', 'kasih', 'makan', 'buat', 'para', 'mentri', 'di', 'kabinet', 'aja', 'dulu', 'kasih', 'contoh', 'kalau', 'mentri', 'kabinet', 'ikut', 'makan', 'juga', 'menu', 'makan', 'gratis', 'fahri', 'kalau', 'rnak', 'bikin', 'kenyang', 'baru', 'kasih', 'ke', 'rakyat']","['kaya', 'gini', 'yah', 'makanan', 'nya', 'coba', 'kasih', 'makan', 'mentri', 'kabinet', 'aja', 'kasih', 'contoh', 'mentri', 'kabinet', 'makan', 'menu', 'makan', 'gratis', 'fahri', 'rnak', 'bikin', 'kenyang', 'kasih', 'rakyat']","['kaya', 'gin', 'yah', 'makan', 'nya', 'coba', 'kasih', 'makan', 'tri', 'kabinet', 'aja', 'kasih', 'contoh', 'tri', 'kabinet', 'makan', 'menu', 'makan', 'gratis', 'fahri', 'rnak', 'bikin', 'kenyang', 'kasih', 'rakyat']"
Positif,"inilah tipe orang yang ga mau berkembang maunya stagnan menurut gw suatu kemajuan sekarang bisa beri makan siang gratis buat anak sekolah, tinggal kayak lu pada yang masih sakit hati jagoannya kalah",@sirarthuryese,7/1/25,,,"['inilah', 'tipe', 'orang', 'yang', 'ga', 'mau', 'berkembang', 'maunya', 'stagnan', 'menurut', 'gw', 'suatu', 'kemajuan', 'sekarang', 'bisa', 'beri', 'makan', 'siang', 'gratis', 'buat', 'anak', 'sekolah', 'tinggal', 'kayak', 'lu', 'pada', 'yang', 'masih', 'sakit', 'hati', 'jagoannya', 'kalah']","['tipe', 'orang', 'ga', 'berkembang', 'maunya', 'stagnan', 'gw', 'kemajuan', 'makan', 'siang', 'gratis', 'anak', 'sekolah', 'tinggal', 'kayak', 'lu', 'sakit', 'hati', 'jagoannya', 'kalah']","['tipe', 'orang', 'ga', 'kembang', 'mau', 'stagnan', 'gw', 'maju', 'makan', 'siang', 'gratis', 'anak', 'sekolah', 'tinggal', 'kayak', 'lu', 'sakit', 'hati', 'jago', 'kalah']"
Negatif,"daridulu gue bertanya2, kenapa program ini jadi program unggulan ya, sedangkan kita punya budaya jumat berkah, maksudnya kalau perkara bagi2 makanan kan ga perlu jadi presiden gitu",@cmellinaa,7/1/25,,,"['daridulu', 'gue', 'bertanya2', 'kenapa', 'program', 'ini', 'jadi', 'program', 'unggulan', 'ya', 'sedangkan', 'kita', 'punya', 'budaya', 'jumat', 'berkah', 'maksudnya', 'kalau', 'perkara', 'bagi2', 'makanan', 'kan', 'ga', 'perlu', 'jadi', 'presiden', 'gitu']","['daridulu', 'gue', 'bertanya2', 'program', 'program', 'unggulan', 'ya', 'budaya', 'jumat', 'berkah', 'maksudnya', 'perkara', 'bagi2', 'makanan', 'ga', 'presiden', 'gitu']","['daridulu', 'gue', 'bertanya2', 'program', 'program', 'unggul', 'ya', 'budaya', 'jumat', 'berkah', 'maksud', 'perkara', 'bagi2', 'makan', 'ga', 'presiden', 'gitu']"
Positif,"gklah, jawaban serius ya ni program makan siang gratis tuh banyak disukai sama masyarakat menengah kebawah karena mereka bakal bisa hemat pengeluaran. program ini bakal jadi cara cepat buat prabowo gibran keliatan kerja dan disukai banyak masyarakat menengah kebawah",@TriCahyyow,7/1/25,,,"['gklah', 'jawaban', 'serius', 'ya', 'ni', 'program', 'makan', 'siang', 'gratis', 'tuh', 'banyak', 'disukai', 'sama', 'masyarakat', 'menengah', 'kebawah', 'karena', 'mereka', 'bakal', 'bisa', 'hemat', 'pengeluaran', 'program', 'ini', 'bakal', 'jadi', 'cara', 'cepat', 'buat', 'prabowo', 'gibran', 'keliatan', 'kerja', 'dan', 'disukai', 'banyak', 'masyarakat', 'menengah', 'kebawah']","['gklah', 'serius', 'ya', 'ni', 'program', 'makan', 'siang', 'gratis', 'tuh', 'disukai', 'masyarakat', 'menengah', 'kebawah', 'hemat', 'pengeluaran', 'program', 'cepat', 'prabowo', 'gibran', 'keliatan', 'kerja', 'disukai', 'masyarakat', 'menengah', 'kebawah']","['gklah', 'serius', 'ya', 'ni', 'program', 'makan', 'siang', 'gratis', 'tuh', 'suka', 'masyarakat', 'tengah', 'bawah', 'hemat', 'keluar', 'program', 'cepat', 'prabowo', 'gibran', 'liat', 'kerja', 'suka', 'masyarakat', 'tengah', 'bawah']"
Negatif,mending distop aja kata gue mah. gapapa anjir jangan dipaksain karena gengsi. emang ga jalan dengan semestinya. food waste jadinya,@cigsforsadness,7/1/25,,,"['mending', 'distop', 'aja', 'kata', 'gue', 'mah', 'gapapa', 'anjir', 'jangan', 'dipaksain', 'karena', 'gengsi', 'emang', 'ga', 'jalan', 'dengan', 'semestinya', 'food', 'waste', 'jadinya']","['mending', 'distop', 'aja', 'gue', 'mah', 'gapapa', 'anjir', 'dipaksain', 'gengsi', 'emang', 'ga', 'jalan', 'semestinya', 'food', 'waste']","['mending', 'stop', 'aja', 'gue', 'mah', 'gapapa', 'anjir', 'dipaksain', 'gengsi', 'emang', 'ga', 'jalan', 'mesti', 'food', 'waste']"
Negatif,"sayangnya presiden kita dan semua kacungnya berjiwa binatang! yang menjadikan rakyat jadi sapi perah untuk kesejahteraan mereka. bangsat! ini akibat kalau berkuasa berniat untuk memperkaya diri, sedih melihat perwira agung seperti @prabowo bisa selemah ini.",@CharlesSutan,8/1/25,,,"['sayangnya', 'presiden', 'kita', 'dan', 'semua', 'kacungnya', 'berjiwa', 'binatang', 'yang', 'menjadikan', 'rakyat', 'jadi', 'sapi', 'perah', 'untuk', 'kesejahteraan', 'mereka', 'bangsat', 'ini', 'akibat', 'kalau', 'berkuasa', 'berniat', 'untuk', 'memperkaya', 'diri', 'sedih', 'melihat', 'perwira', 'agung', 'seperti', 'prabowo', 'bisa', 'selemah', 'ini']","['sayangnya', 'presiden', 'kacungnya', 'berjiwa', 'binatang', 'menjadikan', 'rakyat', 'sapi', 'perah', 'kesejahteraan', 'bangsat', 'akibat', 'berkuasa', 'berniat', 'memperkaya', 'sedih', 'perwira', 'agung', 'prabowo', 'selemah']","['sayang', 'presiden', 'kacung', 'jiwa', 'binatang', 'jadi', 'rakyat', 'sapi', 'perah', 'sejahtera', 'bangsat', 'akibat', 'kuasa', 'niat', 'kaya', 'sedih', 'perwira', 'agung', 'prabowo', 'lemah']"
Negatif,makasih tuhan aku gak perlu melalui masa sekolah dengan makan siang gratis dari pemerintah yang jelek,@kaptenAmercia,8/1/25,,,"['makasih', 'tuhan', 'aku', 'gak', 'perlu', 'melalui', 'masa', 'sekolah', 'dengan', 'makan', 'siang', 'gratis', 'dari', 'pemerintah', 'yang', 'jelek']","['makasih', 'tuhan', 'gak', 'sekolah', 'makan', 'siang', 'gratis', 'pemerintah', 'jelek']","['makasih', 'tuhan', 'gak', 'sekolah', 'makan', 'siang', 'gratis', 'perintah', 'jelek']"
Positif,"whatever program karna emosi apa engga tapi dilihat dari kacamata manusia dia membantu banyak orang ga peduli banyak yang gasuka lauknya atau gimana at least he tried to be kind, kita berkaca ke diri sendiri lebih baik sihâ€¦bisa ga ya kita membantu orang even sekedar makanan?",@cecilliavalerye,8/1/25,,,"['whatever', 'program', 'karna', 'emosi', 'apa', 'engga', 'tapi', 'dilihat', 'dari', 'kacamata', 'manusia', 'dia', 'membantu', 'banyak', 'orang', 'ga', 'peduli', 'banyak', 'yang', 'gasuka', 'lauknya', 'atau', 'gimana', 'at', 'least', 'he', 'tried', 'to', 'be', 'kind', 'kita', 'berkaca', 'ke', 'diri', 'sendiri', 'lebih', 'baik', 'sih', 'bisa', 'ga', 'ya', 'kita', 'membantu', 'orang', 'even', 'sekedar', 'makanan']","['whatever', 'program', 'karna', 'emosi', 'engga', 'kacamata', 'manusia', 'membantu', 'orang', 'ga', 'peduli', 'gasuka', 'lauknya', 'gimana', 'at', 'least', 'he', 'tried', 'to', 'be', 'kind', 'berkaca', 'sih', 'ga', 'ya', 'membantu', 'orang', 'even', 'sekedar', 'makanan']","['whatever', 'program', 'karna', 'emosi', 'engga', 'kacamata', 'manusia', 'bantu', 'orang', 'ga', 'peduli', 'gasuka', 'lauk', 'gimana', 'at', 'least', 'he', 'tried', 'to', 'be', 'kind', 'kaca', 'sih', 'ga', 'ya', 'bantu', 'orang', 'even', 'dar', 'makan']"
Negatif,"kalau tujuan program makan siang bergizi gratis adalah untuk mencegah stunting, sementara menu yang disajikan juga ternyata ga bergizi amat, berarti permasalahannya itu bersifat struktural dimana makanan bergizi itu mahal. benerin strukturalnya, bukan malah traktir satu negara!",@namazu_sensei,9/1/25,,,"['kalau', 'tujuan', 'program', 'makan', 'siang', 'bergizi', 'gratis', 'adalah', 'untuk', 'mencegah', 'stunting', 'sementara', 'menu', 'yang', 'disajikan', 'juga', 'ternyata', 'ga', 'bergizi', 'amat', 'berarti', 'permasalahannya', 'itu', 'bersifat', 'struktural', 'dimana', 'makanan', 'bergizi', 'itu', 'mahal', 'benerin', 'strukturalnya', 'bukan', 'malah', 'traktir', 'satu', 'negara']","['tujuan', 'program', 'makan', 'siang', 'bergizi', 'gratis', 'mencegah', 'stunting', 'menu', 'disajikan', 'ga', 'bergizi', 'permasalahannya', 'bersifat', 'struktural', 'dimana', 'makanan', 'bergizi', 'mahal', 'benerin', 'strukturalnya', 'traktir', 'negara']","['tuju', 'program', 'makan', 'siang', 'gizi', 'gratis', 'cegah', 'stunting', 'menu', 'saji', 'ga', 'gizi', 'masalah', 'sifat', 'struktural', 'mana', 'makan', 'gizi', 'mahal', 'benerin', 'struktural', 'traktir', 'negara']"
Negatif,"menangani stunting dengan sasaran anak sekolah menurutku terlalu jauh sih. kalo stunting ya fokus ke 1000 hpk + remaja putri aja. kuatin intervensi spesifik dan sensitif, mbg (makanan bergizi gratis) is not a solution.",@seilamiavita,9/1/25,,,"['menangani', 'stunting', 'dengan', 'sasaran', 'anak', 'sekolah', 'menurutku', 'terlalu', 'jauh', 'sih', 'kalo', 'stunting', 'ya', 'fokus', 'ke', '1000', 'hpk', 'remaja', 'putri', 'aja', 'kuatin', 'intervensi', 'spesifik', 'dan', 'sensitif', 'mbg', 'makanan', 'bergizi', 'gratis', 'is', 'not', 'a', 'solution']","['menangani', 'stunting', 'sasaran', 'anak', 'sekolah', 'menurutku', 'sih', 'kalo', 'stunting', 'ya', 'fokus', '1000', 'hpk', 'remaja', 'putri', 'aja', 'kuatin', 'intervensi', 'spesifik', 'sensitif', 'mbg', 'makanan', 'bergizi', 'gratis', 'is', 'not', 'a', 'solution']","['tangan', 'stunting', 'sasar', 'anak', 'sekolah', 'turut', 'sih', 'kalo', 'stunting', 'ya', 'fokus', '1000', 'hpk', 'remaja', 'putri', 'aja', 'kuatin', 'intervensi', 'spesifik', 'sensitif', 'mbg', 'makan', 'gizi', 'gratis', 'is', 'not', 'a', 'solution']"
Positif,"buat daerah dengan resiko stunting tinggi, dan ekonomi menengah kebawah mbg ini oke banget, cuma buat di daerah ekonomi menengah keatas cuma nambah food waste aja, terus evaluasi sampe ketemu mekanisme yang pas, yang berkeadilan, adil ga harus sama",@98d24ee59fa0405,9/1/25,,,"['buat', 'daerah', 'dengan', 'resiko', 'stunting', 'tinggi', 'dan', 'ekonomi', 'menengah', 'kebawah', 'mbg', 'ini', 'oke', 'banget', 'cuma', 'buat', 'di', 'daerah', 'ekonomi', 'menengah', 'keatas', 'cuma', 'nambah', 'food', 'waste', 'aja', 'terus', 'evaluasi', 'sampe', 'ketemu', 'mekanisme', 'yang', 'pas', 'yang', 'berkeadilan', 'adil', 'ga', 'harus', 'sama']","['daerah', 'resiko', 'stunting', 'ekonomi', 'menengah', 'kebawah', 'mbg', 'oke', 'banget', 'daerah', 'ekonomi', 'menengah', 'keatas', 'nambah', 'food', 'waste', 'aja', 'evaluasi', 'sampe', 'ketemu', 'mekanisme', 'pas', 'berkeadilan', 'adil', 'ga']","['daerah', 'resiko', 'stunting', 'ekonomi', 'tengah', 'bawah', 'mbg', 'oke', 'banget', 'daerah', 'ekonomi', 'tengah', 'atas', 'nambah', 'food', 'waste', 'aja', 'evaluasi', 'sampe', 'ketemu', 'mekanisme', 'pas', 'adil', 'adil', 'ga']"
Positif,makan siang gratis bikin vibes sekolah naik jadi 100% fun!,@Obi_Lamalera,9/1/25,,,"['makan', 'siang', 'gratis', 'bikin', 'vibes', 'sekolah', 'naik', 'jadi', '100', 'fun']","['makan', 'siang', 'gratis', 'bikin', 'vibes', 'sekolah', '100', 'fun']","['makan', 'siang', 'gratis', 'bikin', 'vibes', 'sekolah', '100', 'fun']"
Positif,"pak prabowo paham banget, kenyang itu awal dari mimpi besar! murid auto senyum tiap jam makan siang. terima kasih, presiden prabowo! presiden prabowo: bikin belajar tanpa lapar, anak-anak makin cerdas!gratis lunch? presiden prabowo ngerti banget kebutuhan anak bangsa!",@JenakaPurba,9/1/25,,,"['pak', 'prabowo', 'paham', 'banget', 'kenyang', 'itu', 'awal', 'dari', 'mimpi', 'besar', 'murid', 'auto', 'senyum', 'tiap', 'jam', 'makan', 'siang', 'terima', 'kasih', 'presiden', 'prabowo', 'presiden', 'prabowo', 'bikin', 'belajar', 'tanpa', 'lapar', 'anak', 'anak', 'makin', 'cerdas', 'gratis', 'lunch', 'presiden', 'prabowo', 'ngerti', 'banget', 'kebutuhan', 'anak', 'bangsa']","['prabowo', 'paham', 'banget', 'kenyang', 'mimpi', 'murid', 'auto', 'senyum', 'jam', 'makan', 'siang', 'terima', 'kasih', 'presiden', 'prabowo', 'presiden', 'prabowo', 'bikin', 'belajar', 'lapar', 'anak', 'anak', 'cerdas', 'gratis', 'lunch', 'presiden', 'prabowo', 'ngerti', 'banget', 'kebutuhan', 'anak', 'bangsa']","['prabowo', 'paham', 'banget', 'kenyang', 'mimpi', 'murid', 'auto', 'senyum', 'jam', 'makan', 'siang', 'terima', 'kasih', 'presiden', 'prabowo', 'presiden', 'prabowo', 'bikin', 'ajar', 'lapar', 'anak', 'anak', 'cerdas', 'gratis', 'lunch', 'presiden', 'prabowo', 'ngerti', 'banget', 'butuh', 'anak', 'bangsa']"
Negatif,"cegah stunting tapi ngasi makannya ke anak sekolah aja udah salah kalau mau cegah stunting harusnya yang ditargetkan remaja putri dan ibu hamil. berikan sex education, ilmu tentang parenting.. emang harusnya struktural yang dibenerin. makan gratis tapi sistem amburadul",@yulindahastuti,10/1/25,,,"['cegah', 'stunting', 'tapi', 'ngasi', 'makannya', 'ke', 'anak', 'sekolah', 'aja', 'udah', 'salah', 'kalau', 'mau', 'cegah', 'stunting', 'harusnya', 'yang', 'ditargetkan', 'remaja', 'putri', 'dan', 'ibu', 'hamil', 'berikan', 'sex', 'education', 'ilmu', 'tentang', 'parenting', 'emang', 'harusnya', 'struktural', 'yang', 'dibenerin', 'makan', 'gratis', 'tapi', 'sistem', 'amburadul']","['cegah', 'stunting', 'ngasi', 'makannya', 'anak', 'sekolah', 'aja', 'udah', 'salah', 'cegah', 'stunting', 'ditargetkan', 'remaja', 'putri', 'hamil', 'sex', 'education', 'ilmu', 'parenting', 'emang', 'struktural', 'dibenerin', 'makan', 'gratis', 'sistem', 'amburadul']","['cegah', 'stunting', 'ngasi', 'makan', 'anak', 'sekolah', 'aja', 'udah', 'salah', 'cegah', 'stunting', 'target', 'remaja', 'putri', 'hamil', 'sex', 'education', 'ilmu', 'parenting', 'emang', 'struktural', 'dibenerin', 'makan', 'gratis', 'sistem', 'amburadul']"
Negatif,emang tujuannya buka mencegah stunting. tapi memelihara kemiskinan. mereka yang ngebela program ini tuh gue penasaran sama beberapa hal. 1. mereka paham ga sih program ini banyak makan anggaran? 2. mereka nih sebenernya peduli bener ga sih sama kemiskinan di indonesia?,@bercunda,10/1/2025,,,"['emang', 'tujuannya', 'buka', 'mencegah', 'stunting', 'tapi', 'memelihara', 'kemiskinan', 'mereka', 'yang', 'ngebela', 'program', 'ini', 'tuh', 'gue', 'penasaran', 'sama', 'beberapa', 'hal', '1', 'mereka', 'paham', 'ga', 'sih', 'program', 'ini', 'banyak', 'makan', 'anggaran', '2', 'mereka', 'nih', 'sebenernya', 'peduli', 'bener', 'ga', 'sih', 'sama', 'kemiskinan', 'di', 'indonesia']","['emang', 'tujuannya', 'buka', 'mencegah', 'stunting', 'memelihara', 'kemiskinan', 'ngebela', 'program', 'tuh', 'gue', 'penasaran', '1', 'paham', 'ga', 'sih', 'program', 'makan', 'anggaran', '2', 'nih', 'sebenernya', 'peduli', 'bener', 'ga', 'sih', 'kemiskinan', 'indonesia']","['emang', 'tuju', 'buka', 'cegah', 'stunting', 'pelihara', 'miskin', 'ngebela', 'program', 'tuh', 'gue', 'penasaran', '1', 'paham', 'ga', 'sih', 'program', 'makan', 'anggar', '2', 'nih', 'sebenernya', 'peduli', 'bener', 'ga', 'sih', 'miskin', 'indonesia']"
Negatif,"emang program gak jelas, ladang korupsi doang, pun logikanya ga ada 10rb dapet makanan bergizi, dapat susu dan buah, anehnya 58% orang mendukung bener bener udah pada sakit jiwa, logika dan nalarnya pada ga jalan, yang penting mah gratisan aja",@mauapaeloh,10/1/25,,,"['emang', 'program', 'gak', 'jelas', 'ladang', 'korupsi', 'doang', 'pun', 'logikanya', 'ga', 'ada', '10rb', 'dapet', 'makanan', 'bergizi', 'dapat', 'susu', 'dan', 'buah', 'anehnya', '58', 'orang', 'mendukung', 'bener', 'bener', 'udah', 'pada', 'sakit', 'jiwa', 'logika', 'dan', 'nalarnya', 'pada', 'ga', 'jalan', 'yang', 'penting', 'mah', 'gratisan', 'aja']","['emang', 'program', 'gak', 'ladang', 'korupsi', 'doang', 'logikanya', 'ga', '10rb', 'dapet', 'makanan', 'bergizi', 'susu', 'buah', 'anehnya', '58', 'orang', 'mendukung', 'bener', 'bener', 'udah', 'sakit', 'jiwa', 'logika', 'nalarnya', 'ga', 'jalan', 'mah', 'gratisan', 'aja']","['emang', 'program', 'gak', 'ladang', 'korupsi', 'doang', 'logika', 'ga', '10rb', 'dapet', 'makan', 'gizi', 'susu', 'buah', 'aneh', '58', 'orang', 'dukung', 'bener', 'bener', 'udah', 'sakit', 'jiwa', 'logika', 'nalar', 'ga', 'jalan', 'mah', 'gratis', 'aja']"
Negatif,"padahal kalo emang tujuannya utk mencegah stunting tu ngasihnya ke ibu hamil, bayi dan balita, aneh banget emang program asbun (asal bunyi)",@sayagemoy,10/1/25,,,"['padahal', 'kalo', 'emang', 'tujuannya', 'utk', 'mencegah', 'stunting', 'tu', 'ngasihnya', 'ke', 'ibu', 'hamil', 'bayi', 'dan', 'balita', 'aneh', 'banget', 'emang', 'program', 'asbun', 'asal', 'bunyi']","['kalo', 'emang', 'tujuannya', 'utk', 'mencegah', 'stunting', 'tu', 'ngasihnya', 'hamil', 'bayi', 'balita', 'aneh', 'banget', 'emang', 'program', 'asbun', 'bunyi']","['kalo', 'emang', 'tuju', 'utk', 'cegah', 'stunting', 'tu', 'ngasihnya', 'hamil', 'bayi', 'balita', 'aneh', 'banget', 'emang', 'program', 'asbun', 'bunyi']"
Negatif,"mencegah stunting itu harusnya dilakukan sejak 1000 hari kehidupan. kalau diterapkannya ke anak sekolah dengan memberi makanan yang tidak layak konsumsi, itu namanya pembunuhan berencana",@sempakblasteran,10/1/25,,,"['mencegah', 'stunting', 'itu', 'harusnya', 'dilakukan', 'sejak', '1000', 'hari', 'kehidupan', 'kalau', 'diterapkannya', 'ke', 'anak', 'sekolah', 'dengan', 'memberi', 'makanan', 'yang', 'tidak', 'layak', 'konsumsi', 'itu', 'namanya', 'pembunuhan', 'berencana']","['mencegah', 'stunting', '1000', 'kehidupan', 'diterapkannya', 'anak', 'sekolah', 'makanan', 'layak', 'konsumsi', 'namanya', 'pembunuhan', 'berencana']","['cegah', 'stunting', '1000', 'hidup', 'terap', 'anak', 'sekolah', 'makan', 'layak', 'konsumsi', 'nama', 'bunuh', 'rencana']"
Negatif,"rancangannya ""makan siang gratis"", direvisi jadi ""makan bergizi gratis"", kenyataan di lapangan ""makan seadanya gratis""",@Subur02024,12/1/25,,,"['rancangannya', 'makan', 'siang', 'gratis', 'direvisi', 'jadi', 'makan', 'bergizi', 'gratis', 'kenyataan', 'di', 'lapangan', 'makan', 'seadanya', 'gratis']","['rancangannya', 'makan', 'siang', 'gratis', 'direvisi', 'makan', 'bergizi', 'gratis', 'kenyataan', 'lapangan', 'makan', 'seadanya', 'gratis']","['rancang', 'makan', 'siang', 'gratis', 'revisi', 'makan', 'gizi', 'gratis', 'nyata', 'lapang', 'makan', 'ada', 'gratis']"
Negatif,"cepat atau lambat, di kala rakyat sudah benar-benar muak, revolusi aka reformasi itu akan terjadi lagi. demo besar-besaran. saat itu pula, kekuatan rakyat diperlihatkan lagi. mau kah demo 98 itu terjadi lagi?",@wolcverine,23/11/24,,,"['cepat', 'atau', 'lambat', 'di', 'kala', 'rakyat', 'sudah', 'benar', 'benar', 'muak', 'revolusi', 'aka', 'reformasi', 'itu', 'akan', 'terjadi', 'lagi', 'demo', 'besar', 'besaran', 'saat', 'itu', 'pula', 'kekuatan', 'rakyat', 'diperlihatkan', 'lagi', 'mau', 'kah', 'demo', '98', 'itu', 'terjadi', 'lagi']","['cepat', 'lambat', 'rakyat', 'muak', 'revolusi', 'aka', 'reformasi', 'demo', 'besaran', 'kekuatan', 'rakyat', 'kah', 'demo', '98']","['cepat', 'lambat', 'rakyat', 'muak', 'revolusi', 'aka', 'reformasi', 'demo', 'besar', 'kuat', 'rakyat', 'kah', 'demo', '98']"
